fold,label,recall
0,identity,0.958303886925795
0,pa_normal__rot_pa_pos90,0.9031802120141342
0,pa_normal__rot_pa_180,0.9031802120141342
0,pa_normal__rot_pa_neg90,0.9031802120141342
0,pa_flipped__rot_pa_0,0.8975265017667845
0,pa_flipped__rot_pa_pos90,0.8975265017667845
0,pa_flipped__rot_pa_180,0.8975265017667845
0,pa_flipped__rot_pa_neg90,0.8975265017667845
